"Início dos relatórios","Encerramento dos relatórios","Nome da campanha","Veiculação da campanha","Configuração de atribuição",Resultados,"Indicador de resultados",Alcance,Frequência,"Custo por resultados","Orçamento do conjunto de anúncios","Tipo de orçamento do conjunto de anúncios","Valor usado (BRL)",Término,Impressões,"CPM (custo por 1.000 impressões) (BRL)","Cliques no link",shop_clicks,"CPC (custo por clique no link) (BRL)","CTR (taxa de cliques no link)","Cliques (todos)","CTR (todos)","CPC (todos) (BRL)","Visualizações da página de destino","Custo por visualização da página de destino (BRL)"
2025-12-01,2026-05-06,,0,"Configurações de vários atributos",,,172635,2.659611,,0,0,10297.04,,459142,22.4267,,,,,14720,3.20598,0.699527,,
2025-12-01,2026-05-06,[LEAD][MENSAGEM][25brl][Curso],inactive,"Clique de 7 dias ou visualização de 1 dia",,,0,0,,"Usando o orçamento do conjunto de anúncios",0,0,Contínuo,0,0,,,,,0,0,0,,
2025-12-01,2026-05-06,[VENDAS][CBO][50Brl][Novembro][3],inactive,"Clique de 7 dias ou visualização de 1 dia",,,0,0,,"Usando o orçamento do conjunto de anúncios",0,0,Contínuo,0,0,,,,,0,0,0,,
2025-12-01,2026-05-06,[VENDAS][CBO][50Brl][Novembro][4],inactive,"Clique de 7 dias ou visualização de 1 dia",,,0,0,,"Usando o orçamento do conjunto de anúncios",0,0,Contínuo,0,0,,,,,0,0,0,,
2025-12-01,2026-05-06,[VENDAS][CBO][50Brl][Novembro][realCBO],inactive,"Clique de 7 dias ou visualização de 1 dia",,,0,0,,"Usando o orçamento do conjunto de anúncios",0,0,Contínuo,0,0,,,,,0,0,0,,
2025-12-01,2026-05-06,[VENDAS][CBO][45brl][Dezembro],inactive,"Clique de 7 dias ou visualização de 1 dia",,,0,0,,"Usando o orçamento do conjunto de anúncios",0,0,Contínuo,0,0,,,,,0,0,0,,
2025-12-01,2026-05-06,1-[VENDAS][CBO][45brl][Dezembro]kit,inactive,"Clique de 7 dias ou visualização de 1 dia",,,0,0,,"Usando o orçamento do conjunto de anúncios",0,0,Contínuo,0,0,,,,,0,0,0,,
2025-12-01,2026-05-06,2-[VENDAS][CBO][42brl][Dezembro]kit,inactive,"Clique de 7 dias ou visualização de 1 dia",,,0,0,,"Usando o orçamento do conjunto de anúncios",0,0,Contínuo,0,0,,,,,0,0,0,,
2025-12-01,2026-05-06,3-[VENDAS][CBO][40brl][Dezembro],inactive,"Clique de 7 dias ou visualização de 1 dia",,,0,0,,"Usando o orçamento do conjunto de anúncios",0,0,Contínuo,0,0,,,,,0,0,0,,
2025-12-01,2026-05-06,[LEAD][SITES][20brl],inactive,"Clique de 7 dias ou visualização de 1 dia",,,0,0,,20,Diário,0,Contínuo,0,0,,,,,0,0,0,,
2025-12-01,2026-05-06,[PF][50brl][Agressivo],inactive,Incremental,1,actions:offsite_conversion.fb_pixel_purchase,6103,1.194495,49.5,50,Diário,49.5,2025-12-23,7290,6.790123,93,,0.532258,1.27572,110,1.508916,0.45,88,0.5625
2025-12-01,2026-05-06,[PF][50brl[Estatico][Leve],inactive,"Clique de 7 dias, visualização de 1 dia ou visualização com engajamento de 1 dia",,,8304,1.047327,,50,Diário,58.41,2025-12-23,8697,6.716109,148,,0.394662,1.701736,179,2.058181,0.326313,83,0.703735
2025-12-01,2026-05-06,[PF][50brl][Venda][POV],inactive,"Clique de 7 dias, visualização de 1 dia ou visualização com engajamento de 1 dia",11,actions:offsite_conversion.fb_pixel_purchase,3923,1.604129,20.24454545,50,Diário,222.69,Contínuo,6293,35.386938,209,,1.065502,3.32115,303,4.814874,0.734951,183,1.216885
2025-12-01,2026-05-06,[PF][51brl][Venda][POV][1],inactive,"Clique de 7 dias, visualização de 1 dia ou visualização com engajamento de 1 dia",6,actions:offsite_conversion.fb_pixel_purchase,3360,1.415179,29.785,51,Diário,178.71,Contínuo,4755,37.583596,109,,1.639541,2.292324,169,3.554154,1.057456,99,1.805152
2025-12-01,2026-05-06,[PF][50brl][LP][POV],inactive,"Clique de 7 dias, visualização de 1 dia ou visualização com engajamento de 1 dia",,,0,0,,50,Diário,0,Contínuo,0,0,,,,,0,0,0,,
2025-12-01,2026-05-06,[PF][100brl][LP][POV][sociedade],inactive,"Clique de 7 dias, visualização de 1 dia ou visualização com engajamento de 1 dia",126,actions:offsite_conversion.fb_pixel_purchase,52928,3.363683,28.29595238,"Usando o orçamento do conjunto de anúncios",0,3565.29,Contínuo,178033,20.026006,4038,,0.882935,2.268119,5358,3.009554,0.665414,540,6.602389
2025-12-01,2026-05-06,[Retarget][30brl],inactive,"Clique de 7 dias, visualização de 1 dia ou visualização com engajamento de 1 dia",,,69,5.15942,,30,Total,27.38,2026-01-01,356,76.910112,10,,2.738,2.808989,12,3.370787,2.281667,7,3.911429
2025-12-01,2026-05-06,[Retarget][10brl],inactive,"Clique de 7 dias, visualização de 1 dia ou visualização com engajamento de 1 dia",2,actions:offsite_conversion.fb_pixel_purchase,280,1.853571,16.225,10,Diário,32.45,Contínuo,519,62.524085,28,,1.158929,5.39499,39,7.514451,0.832051,19,1.707895
2025-12-01,2026-05-06,[Retarget][10brl][NovoCriativo],inactive,"Clique de 7 dias, visualização de 1 dia ou visualização com engajamento de 1 dia",1,actions:offsite_conversion.fb_pixel_purchase,759,1.843215,42.17,10,Diário,42.17,Contínuo,1399,30.142959,46,,0.916739,3.288063,71,5.075054,0.593944,7,6.024286
2025-12-01,2026-05-06,[PF][30brl][ENGAJAMENTO][Comentário],inactive,"Clique de 7 dias ou visualização de 1 dia",46,actions:post_interaction_gross,6807,1.063758,0.55086957,"Usando o orçamento do conjunto de anúncios",0,25.34,Contínuo,7241,3.499517,16,,1.58375,0.220964,34,0.469548,0.745294,,
2025-12-01,2026-05-06,[PF][RMKT][JANEIRO],inactive,"Clique de 7 dias, visualização de 1 dia ou visualização com engajamento de 1 dia",,,302,6.831126,,"Usando o orçamento do conjunto de anúncios",0,190.23,2026-02-10,2063,92.210373,47,,4.047447,2.278236,55,2.66602,3.458727,1,190.23
2025-12-01,2026-05-06,"[FL] Vendas",inactive,—,1,actions:offsite_conversion.fb_pixel_initiate_checkout,4208,1.067253,93.84,100,Diário,93.84,Contínuo,4491,20.895124,29,,3.235862,0.645736,51,1.135605,1.84,1,93.84
2025-12-01,2026-05-06,"[ProspectaFreela] [VENDAS] [ PERPÉTUO ]",not_delivering,"Clique de 7 dias, visualização de 1 dia ou visualização com engajamento de 1 dia",229,actions:offsite_conversion.fb_pixel_purchase,77516,2.688077,21.06471616,"Usando o orçamento do conjunto de anúncios",0,4823.82,Contínuo,208369,23.150373,6230,,0.774289,2.989888,7379,3.541314,0.653723,445,10.840045
2025-12-01,2026-05-06,"[FL] Vendas Certa",inactive,"Clique de 7 dias, visualização de 1 dia ou visualização com engajamento de 1 dia",,,1301,1.164489,,50,Diário,71.06,Contínuo,1515,46.90429,19,,3.74,1.254125,33,2.178218,2.153333,,
2025-12-01,2026-05-06,"[FL] Vendas [Perpetua]",inactive,"Clique de 7 dias, visualização de 1 dia ou visualização com engajamento de 1 dia",1,actions:offsite_conversion.fb_pixel_purchase,4660,1.071245,150.32,100,Diário,150.32,Contínuo,4992,30.112179,41,,3.666341,0.821314,64,1.282051,2.34875,2,75.16
2025-12-01,2026-05-06,[NERGES][VENDAS][Perpetuo],inactive,"Clique de 7 dias, visualização de 1 dia ou visualização com engajamento de 1 dia",9,actions:offsite_conversion.fb_pixel_purchase,13118,1.76315,85.09222222,160,Diário,765.83,Contínuo,23129,33.111246,755,,1.014344,3.2643,863,3.731246,0.887404,1,765.83
2025-12-01,2026-05-06,[Trafego][Seguidores][Aberto],inactive,"Clique de 7 dias ou visualização de 1 dia",,,0,0,,"Usando o orçamento do conjunto de anúncios",0,0,Contínuo,0,0,,,,,0,0,0,,
2025-12-01,2026-05-06,"[VENDAS][CBO][40Brl] - UNUSED",inactive,"Clique de 7 dias, visualização de 1 dia ou visualização com engajamento de 1 dia",,,0,0,,"Usando o orçamento do conjunto de anúncios",0,0,Contínuo,0,0,,,,,0,0,0,,
2025-12-01,2026-05-06,"[VENDAS][ABO][100brl] ADV+ Campanha",inactive,"Clique de 7 dias ou visualização de 1 dia",,,0,0,,"Usando o orçamento do conjunto de anúncios",0,0,Contínuo,0,0,,,,,0,0,0,,
2025-12-01,2026-05-06,[VENDAS][ABO][CriativoNovo][100brl][NaoConverteu],inactive,"Clique de 7 dias ou visualização de 1 dia",,,0,0,,"Usando o orçamento do conjunto de anúncios",0,0,Contínuo,0,0,,,,,0,0,0,,
2025-12-01,2026-05-06,[VENDAS][CBO][80Brl][NovoCriativo],inactive,"Clique de 7 dias ou visualização de 1 dia",,,0,0,,"Usando o orçamento do conjunto de anúncios",0,0,Contínuo,0,0,,,,,0,0,0,,
2025-12-01,2026-05-06,[VENDAS][CBO][50Brl][Novembro],inactive,"Clique de 7 dias ou visualização de 1 dia",,,0,0,,"Usando o orçamento do conjunto de anúncios",0,0,Contínuo,0,0,,,,,0,0,0,,
2025-12-01,2026-05-06,[VENDAS][CBO][70brl][Curso],inactive,"Clique de 7 dias ou visualização de 1 dia",,,0,0,,60,Diário,0,Contínuo,0,0,,,,,0,0,0,,
2025-12-01,2026-05-06,[VENDAS][CBO][50Brl][Novembro][2],inactive,"Clique de 7 dias ou visualização de 1 dia",,,0,0,,"Usando o orçamento do conjunto de anúncios",0,0,Contínuo,0,0,,,,,0,0,0,,
2025-12-01,2026-05-06,[VENDA][MENSAGEM][70brl][Curso],inactive,"Clique de 7 dias ou visualização de 1 dia",,,0,0,,35,Diário,0,Contínuo,0,0,,,,,0,0,0,,
