"Início dos relatórios","Encerramento dos relatórios","Nome da campanha","Veiculação da campanha",Resultados,"Indicador de resultados","Custo por resultados","Orçamento do conjunto de anúncios","Tipo de orçamento do conjunto de anúncios","Valor usado (BRL)",Impressões,Alcance,Término,"Configuração de atribuição"
2024-07-01,2026-05-06,"Publicação do Instagram: Quando iniciei no...",completed,39,actions:link_click,0.18948718,330,Total,7.39,744,728,2024-07-01,"Clique de 7 dias ou visualização de 1 dia"
2024-07-01,2026-05-06,"Publicação do Instagram: ✨A energia do esporte...",completed,413,actions:link_click,0.16476998,300,Total,68.05,6869,6225,2024-07-07,"Clique de 7 dias ou visualização de 1 dia"
2024-07-01,2026-05-06,"Publicação do Instagram: 🏅Começou a Periodização...",archived,43,actions:link_click,0.30813953,330,Total,13.25,1547,1347,2024-07-10,"Clique de 7 dias ou visualização de 1 dia"
2024-07-01,2026-05-06,"Publicação do Instagram: Maratona 🏅 Sendo a 1ª ou...",archived,23,actions:link_click,0.53086957,300,Total,12.21,1147,1053,2024-07-10,"Clique de 7 dias ou visualização de 1 dia"
2024-07-01,2026-05-06,"Publicação do Instagram: Minha missão é Otimizar...",archived,31,actions:link_click,0.40580645,11,Diário,12.58,4098,3548,2024-07-10,"Clique de 7 dias ou visualização de 1 dia"
2024-07-01,2026-05-06,"Publicação do Instagram: Periodização nutricional...",completed,17,actions:link_click,0.43,100,Total,7.31,1563,1438,2024-07-01,"Clique de 7 dias ou visualização de 1 dia"
2024-07-01,2026-05-06,"Publicação do Instagram: Quebrar no fim do treino...",archived,164,actions:link_click,0.53036585,11,Diário,86.98,11156,6297,2024-07-10,"Clique de 7 dias ou visualização de 1 dia"
2024-07-01,2026-05-06,"Publicação do Instagram: Triatletas, Maratonistas...",archived,278,actions:link_click,0.30758993,330,Total,85.51,5704,3744,2024-07-10,"Clique de 7 dias ou visualização de 1 dia"
2024-07-01,2026-05-06,"Publicação do Instagram: Quando iniciei no...",archived,33,actions:link_click,0.46848485,330,Total,15.46,1509,1372,2024-07-10,"Clique de 7 dias ou visualização de 1 dia"
2024-07-01,2026-05-06,"Publicação do Instagram: ✨A energia do esporte...",inactive,1510,actions:link_click,0.18398675,300,Total,277.82,26596,18978,2024-08-07,"Clique de 7 dias ou visualização de 1 dia"
2024-07-01,2026-05-06,"Publicação do Instagram: Alta Performance hoje, é...",archived,23,actions:link_click,0.59782609,11,Diário,13.75,995,852,2024-07-10,"Clique de 7 dias ou visualização de 1 dia"
2024-07-01,2026-05-06,"Publicação do Instagram: A vida acontece no...",archived,28,actions:link_click,0.56535714,110,Total,15.83,1287,1108,2024-07-10,"Clique de 7 dias ou visualização de 1 dia"
2024-07-01,2026-05-06,"Publicação do Instagram: Maratona 🏅 Iniciantes ou...",archived,25,actions:link_click,0.6568,110,Total,16.42,613,546,2024-07-10,"Clique de 7 dias ou visualização de 1 dia"
2024-07-01,2026-05-06,"Publicação do Instagram: O que Ingerir de Pré-...",archived,13,actions:link_click,1.00230769,11,Diário,13.03,1224,1085,2024-07-10,"Clique de 7 dias ou visualização de 1 dia"
2024-07-01,2026-05-06,"Publicação do Instagram: VOCÊ PODE ESTAR EM RED...",inactive,273,actions:link_click,0.63391941,11,Diário,173.06,21639,14194,Contínuo,"Clique de 7 dias ou visualização de 1 dia"
2024-07-01,2026-05-06,"Publicação do Instagram: Alta Performance hoje, é...",inactive,36,actions:onsite_conversion.messaging_conversation_started_7d,8.00222222,23,Diário,288.08,6916,4667,Contínuo,"Clique de 7 dias ou visualização de 1 dia"
2024-07-01,2026-05-06,"Publicação do Instagram: Você não vai precisar...",inactive,301,actions:link_click,0.53139535,170,Total,159.95,13946,8281,2024-08-06,"Clique de 7 dias ou visualização de 1 dia"
2024-07-01,2026-05-06,"Publicação do Instagram: Quebrar no fim do treino...",inactive,223,actions:link_click,0.61560538,170,Total,137.28,22367,14674,2024-08-07,"Clique de 7 dias ou visualização de 1 dia"
2024-07-01,2026-05-06,"Publicação do Instagram: Chegou a hora de...",inactive,140,actions:link_click,0.42092857,170,Total,58.93,19604,11775,2024-08-12,"Clique de 7 dias ou visualização de 1 dia"
2024-07-01,2026-05-06,"Publicação do Instagram: Maratona 🏅 Iniciantes ou...",inactive,78,actions:link_click,0.54038462,120,Total,42.15,5185,4068,2024-08-12,"Clique de 7 dias ou visualização de 1 dia"
2024-07-01,2026-05-06,"Publicação do Instagram: Antes de pensar na sua...",inactive,120,actions:link_click,0.4775,17,Diário,57.3,4672,3434,Contínuo,"Clique de 7 dias ou visualização de 1 dia"
2024-07-01,2026-05-06,"Publicação do Instagram: O espinafre (Spinacia...",inactive,77,actions:link_click,0.5487013,120,Total,42.25,6739,4816,2024-08-12,"Clique de 7 dias ou visualização de 1 dia"
2024-07-01,2026-05-06,"Publicação do Instagram: Dieta soa “ restrição”....",archived,14,actions:link_click,0.88,17,Diário,12.32,809,689,2024-08-16,"Clique de 7 dias ou visualização de 1 dia"
2024-07-01,2026-05-06,"VÍDEO AGOSTO 2024 - CONSULTAS. Campanha",inactive,16795,actions:link_click,0.07236261,"Usando o orçamento do conjunto de anúncios",0,1215.33,143081,76214,Contínuo,"Clique de 7 dias ou visualização de 1 dia"
2024-07-01,2026-05-06,"Publicação do Instagram: É o 1º passo para o...",completed,865,actions:link_click,0.20997688,187,Total,181.63,24405,17310,2024-09-03,"Clique de 7 dias ou visualização de 1 dia"
2024-07-01,2026-05-06,"Publicação do Instagram: Maratona 🏅 Iniciantes ou...",inactive,181,actions:link_click,0.41314917,170,Total,74.78,7084,5633,2024-09-03,"Clique de 7 dias ou visualização de 1 dia"
2024-07-01,2026-05-06,"Publicação do Instagram: ✅O carboidrato é o...",completed,213,actions:link_click,0.23943662,51,Total,51,9953,6919,2024-08-27,"Clique de 7 dias ou visualização de 1 dia"
2024-07-01,2026-05-06,"Publicação do Instagram: O que colocar dentro da...",completed,733,actions:link_click,0.13915416,102,Total,102,13639,10768,2024-08-30,"Clique de 7 dias ou visualização de 1 dia"
2024-07-01,2026-05-06,"Publicação do Instagram: O que é realizar um...",completed,9,actions:onsite_conversion.messaging_conversation_started_7d,9.34666667,84.12,Total,84.12,2636,1757,2024-08-27,"Clique de 7 dias ou visualização de 1 dia"
2024-07-01,2026-05-06,"Publicação do Instagram: É o 1º passo para o...",inactive,1215,actions:link_click,0.21127572,330,Total,256.7,34988,23963,2024-10-05,"Clique de 7 dias ou visualização de 1 dia"
2024-07-01,2026-05-06,"Publicação do Instagram: O artigo intitulado...",inactive,517,actions:link_click,0.49473888,255.78,Total,255.78,25401,15354,2024-09-23,"Clique de 7 dias ou visualização de 1 dia"
2024-07-01,2026-05-06,"Publicação do Instagram: ~ Se você deseja ser meu...",inactive,303,actions:link_click,0.40834983,142.1,Total,123.73,12931,7273,2024-09-15,"Clique de 7 dias ou visualização de 1 dia"
2024-07-01,2026-05-06,"MAIS POTÊNCIA - SETEMBRO 1 Campanha",inactive,1277,actions:link_click,0.10080658,"Usando o orçamento do conjunto de anúncios",0,128.73,14007,12233,Contínuo,"Clique de 7 dias ou visualização de 1 dia"
2024-07-01,2026-05-06,"MAIS POTÊNCIA 2 - SETEMBRO Campanha",inactive,1749,actions:link_click,0.2838422,"Usando o orçamento do conjunto de anúncios",0,496.44,59985,41187,Contínuo,"Clique de 7 dias ou visualização de 1 dia"
2024-07-01,2026-05-06,"Publicação do Instagram: Acabe com as dúvidas do...",archived,589,actions:link_click,0.35168081,28.02,Diário,207.14,16870,14071,2024-09-25,"Clique de 7 dias ou visualização de 1 dia"
2024-07-01,2026-05-06,"*Refazer* Publicação do Instagram: Atleta: imagino que deve...",archived,455,actions:link_click,0.31707692,22.01,Diário,144.27,11905,9421,2024-11-02,"Clique de 7 dias ou visualização de 1 dia"
2024-07-01,2026-05-06,"*Refazer* Publicação do Instagram: O intestino tem a...",archived,1918,actions:link_click,0.1135975,19.25,Diário,217.88,38477,32355,2024-12-10,"Clique de 7 dias ou visualização de 1 dia"
2024-07-01,2026-05-06,"*Refazer* Publicação do Instagram: Não sabe a quantidade de...",inactive,315,actions:link_click,0.56028571,30.26,Diário,176.49,13907,11714,Contínuo,"Clique de 7 dias ou visualização de 1 dia"
2024-07-01,2026-05-06,"SEGUIDORES AUTOMAÇÃO [DIRECT] [Q] [IG]",inactive,53,actions:onsite_conversion.messaging_conversation_started_7d,4.08943396,"Usando o orçamento do conjunto de anúncios",0,216.74,10737,4258,Contínuo,"Clique de 7 dias ou visualização de 1 dia"
2024-07-01,2026-05-06,"LIVE CASCAIS [INCREMENTALIDADE] [Q] [IG] - Vídeo e criativo",inactive,630,estimated_ad_recallers,0.77055556,"Usando o orçamento do conjunto de anúncios",0,485.45,24047,13418,2024-10-18,"Clique de 7 dias ou visualização de 1 dia"
2024-07-01,2026-05-06,"HOTMART [VENDAS] [Q/F] [IG]",inactive,2,actions:offsite_conversion.fb_pixel_initiate_checkout,16.69,"Usando o orçamento do conjunto de anúncios",0,33.38,1158,912,Contínuo,"Clique de 7 dias ou visualização de 1 dia"
2024-07-01,2026-05-06,"MAIS POTENCIA [VENDAS] [Q/F] [IG] - Vídeos e criativos",inactive,4,actions:offsite_conversion.fb_pixel_purchase,238.7525,"Usando o orçamento do conjunto de anúncios",0,955.01,26158,14113,Contínuo,"Clique de 7 dias ou visualização de 1 dia"
2024-07-01,2026-05-06,"SEGUIDORES GANHO [VISITAS AO PERFIL] [Q] [IG]",inactive,1042,profile_visit_view,0.5987428,"Usando o orçamento do conjunto de anúncios",0,623.89,31626,6743,Contínuo,"Clique de 7 dias ou visualização de 1 dia"
2024-07-01,2026-05-06,"MAIS POTÊNCIA RMK [FINALIZAÇÃO] [Q] [IG]",inactive,21,actions:offsite_conversion.fb_pixel_initiate_checkout,3.64047619,"Usando o orçamento do conjunto de anúncios",0,76.45,3518,2085,Contínuo,"Clique de 7 dias ou visualização de 1 dia"
2024-07-01,2026-05-06,"Publicação do Instagram: Uma boa Nutrição pode...",inactive,290,actions:link_click,0.35468966,318,Total,102.86,8423,7727,2024-11-08,"Clique de 7 dias ou visualização de 1 dia"
2024-07-01,2026-05-06,"Publicação do Instagram: Atleta: imagino que deve...",inactive,397,actions:link_click,0.14528967,174,Total,57.68,7311,6921,2024-11-08,"Clique de 7 dias ou visualização de 1 dia"
2024-07-01,2026-05-06,"Publicação do Instagram: Já basta ficar cansado...",inactive,377,actions:link_click,0.15312997,174,Total,57.73,7751,7311,2024-11-08,"Clique de 7 dias ou visualização de 1 dia"
2024-07-01,2026-05-06,"Publicação do Instagram: O intestino tem a...",inactive,235,actions:link_click,0.21693617,29,Diário,50.98,8654,7515,Contínuo,"Clique de 7 dias ou visualização de 1 dia"
2024-07-01,2026-05-06,"CARINA MAIS POTÊNCIA 1",inactive,1107,actions:link_click,0.18484192,"Usando o orçamento do conjunto de anúncios",0,204.62,26988,22461,Contínuo,"Clique de 7 dias ou visualização de 1 dia"
2024-07-01,2026-05-06,"MAIS POTÊNCIA CAPITAIS [COMPRA] [F] [IG] - Fragmentação de esportistas",inactive,1,actions:offsite_conversion.fb_pixel_purchase,385.45,100,Diário,385.45,7813,4033,2024-11-13,"Clique de 7 dias ou visualização de 1 dia"
2024-07-01,2026-05-06,"Publicação do Instagram: A periodização...",archived,,,,15,Diário,403.53,10518,5679,2025-02-02,"Clique de 7 dias ou visualização de 1 dia"
2024-07-01,2026-05-06,"MAIS POTÊNCIA 197 [VENDAS] [FRIO] [IG] - Criativos novos",inactive,2,actions:offsite_conversion.fb_pixel_purchase,191.8,"Usando o orçamento do conjunto de anúncios",0,383.6,7787,5420,Contínuo,"Clique de 7 dias ou visualização de 1 dia"
2024-07-01,2026-05-06,"CONSULTA INDIV [WPP] [Q/F] [IG]",inactive,184,actions:onsite_conversion.messaging_conversation_started_7d,13.6761413,"Usando o orçamento do conjunto de anúncios",0,2516.41,69545,29124,Contínuo,"Clique de 7 dias ou visualização de 1 dia"
2024-07-01,2026-05-06,"Publicação do Instagram: Embora não existam...",completed,439,actions:link_click,0.10733485,48,Total,47.12,12306,10849,2024-12-11,"Clique de 7 dias ou visualização de 1 dia"
2024-07-01,2026-05-06,"Publicação do Instagram: Um estudo com triatletas...",completed,96,actions:link_click,0.4921875,48,Total,47.25,4498,3369,2024-12-11,"Clique de 7 dias ou visualização de 1 dia"
2024-07-01,2026-05-06,"Publicação do Instagram: Eu sei que você quer...",inactive,704,actions:link_click,0.32973011,18,Diário,232.13,19763,12504,Contínuo,"Clique de 7 dias ou visualização de 1 dia"
2024-07-01,2026-05-06,"Publicação do Instagram: Uma boa Nutrição pode...",completed,224,actions:link_click,0.32116071,72,Total,71.94,4816,4374,2024-12-13,"Clique de 7 dias ou visualização de 1 dia"
2024-07-01,2026-05-06,"MANIPULADO ELETRÓLITOS [VENDAS] [F/Q] [IG]",inactive,4,actions:offsite_conversion.fb_pixel_purchase,487.34,"Usando o orçamento do conjunto de anúncios",0,1949.36,88388,25241,Contínuo,"Clique de 7 dias ou visualização de 1 dia"
2024-07-01,2026-05-06,"Publicação do Instagram: O meu papel aqui é...",completed,60,actions:link_click,0.79816667,48,Total,47.89,2158,1737,2024-12-18,"Clique de 7 dias ou visualização de 1 dia"
2024-07-01,2026-05-06,"Publicação do Instagram: É hora de planejar o...",archived,18,actions:link_click,0.59777778,12,Diário,10.76,1823,1742,2024-12-16,"Clique de 7 dias ou visualização de 1 dia"
2024-07-01,2026-05-06,"MAIS POTÊNCIA 397 [VENDAS] [FRIO] [IG] - Criativos novos — Cópia",inactive,1,actions:offsite_conversion.fb_pixel_purchase,449.45,"Usando o orçamento do conjunto de anúncios",0,449.45,9617,6585,Contínuo,"Clique de 7 dias ou visualização de 1 dia"
2024-07-01,2026-05-06,"CARINA - AGENDAMENTO 2025 PERIDIZAÇÃO NUTRICIONAL",inactive,7404,actions:link_click,0.15789843,"Usando o orçamento do conjunto de anúncios",0,1169.08,227524,138591,Contínuo,"Clique de 7 dias ou visualização de 1 dia"
2024-07-01,2026-05-06,"Publicação do Instagram: Assim como o treinamento...",inactive,25,actions:link_click,1.1284,84,Total,28.21,3412,3010,2025-01-01,"Clique de 7 dias ou visualização de 1 dia"
2024-07-01,2026-05-06,"Publicação do Instagram: Sim, é possível...",archived,1638,actions:link_click,0.27150183,20.64,Diário,444.72,41389,22197,2025-05-14,"Clique de 7 dias ou visualização de 1 dia"
2024-07-01,2026-05-06,"Publicação do Instagram: Emagrecer e ganhar...",inactive,2683,actions:link_click,0.19924338,19,Diário,534.57,89763,55300,Contínuo,"Clique de 7 dias ou visualização de 1 dia"
2024-07-01,2026-05-06,"Publicação do Instagram: 🎯Emagreça 
🎯Ganhe...",inactive,190,actions:link_click,0.72605263,12,Diário,137.95,11136,8684,Contínuo,"Clique de 7 dias ou visualização de 1 dia"
2024-07-01,2026-05-06,"Publicação do Instagram: 🎯Emagreça 
🎯Ganhe...",archived,238,actions:link_click,0.77642857,12,Diário,184.79,12276,9345,2025-03-23,"Clique de 7 dias ou visualização de 1 dia"
2024-07-01,2026-05-06,"Publicação do Instagram: Chamada para 1ª consulta...",inactive,148,actions:link_click,0.47006757,12,Diário,69.57,4409,3702,Contínuo,"Clique de 7 dias ou visualização de 1 dia"
2024-07-01,2026-05-06,"CARINA - AGENDAMENTO 2025 PERIDIZAÇÃO NUTRICIONAL — Cópia",inactive,105,profile_visit_view,0.18219048,12,Diário,19.13,2731,2566,Contínuo,"Clique de 1 dia"
2024-07-01,2026-05-06,"Publicação do Instagram: Emagrecer e ganhar... — Cópia",inactive,163,profile_visit_view,0.11257669,12,Diário,18.35,1677,1420,Contínuo,"Clique de 1 dia"
2024-07-01,2026-05-06,"VENDAS MAIS POTENCIA - JANEIRO",archived,,,,"Usando o orçamento do conjunto de anúncios",0,23.48,1383,1193,2025-01-30,—
2024-07-01,2026-05-06,"Publicação do Instagram: Respeitando a...",archived,39,actions:link_click,0.56820513,12,Diário,22.16,1617,1394,2025-01-30,"Clique de 7 dias ou visualização de 1 dia"
2024-07-01,2026-05-06,"Publicação do Instagram: Eu sei que você quer dar...",archived,423,actions:link_click,0.24210402,30,Diário,102.41,9987,8800,2025-03-04,"Clique de 7 dias ou visualização de 1 dia"
2024-07-01,2026-05-06,"Publicação do Instagram: Assim como o treinamento...",completed,31,actions:link_click,0.96096774,84,Total,29.79,10648,10234,2025-02-06,"Clique de 7 dias ou visualização de 1 dia"
2024-07-01,2026-05-06,"Publicação do Instagram: É hora de planejar o...",inactive,88,actions:link_click,0.475,18,Diário,41.8,15268,13273,Contínuo,"Clique de 7 dias ou visualização de 1 dia"
2024-07-01,2026-05-06,"LEADS - PROGRAMA NUTRICIONAL NO ENDURANCE",inactive,32,actions:offsite_conversion.fb_pixel_lead,25.059375,"Usando o orçamento do conjunto de anúncios",0,801.9,34297,21142,Contínuo,"Clique de 7 dias ou visualização de 1 dia"
2024-07-01,2026-05-06,"( vendas) FÓRMULA",inactive,41,actions:offsite_conversion.fb_pixel_add_to_cart,1.9997561,"Usando o orçamento do conjunto de anúncios",0,81.99,5850,4913,Contínuo,"Clique de 7 dias, visualização de 1 dia ou visualização com engajamento de 1 dia"
2024-07-01,2026-05-06,"Publicação do Instagram: As diferenças na...",inactive,187,actions:link_click,0.05828877,12,Diário,10.9,3315,3065,Contínuo,"Clique de 7 dias ou visualização de 1 dia"
2024-07-01,2026-05-06,"(LEADS PERIODIZAÇÃO NUTRICIONAL) - MENSAGEM",inactive,1,actions:onsite_conversion.messaging_conversation_started_7d,8.44,"Usando o orçamento do conjunto de anúncios",0,8.44,464,379,Contínuo,"Clique de 7 dias ou visualização de 1 dia"
2024-07-01,2026-05-06,"01 - CONVERSÃO FÓRMULA - INTERESSES",inactive,,,,"Usando o orçamento do conjunto de anúncios",0,1.03,56,53,2025-03-04,"Clique de 7 dias, visualização de 1 dia ou visualização com engajamento de 1 dia"
2024-07-01,2026-05-06,"PLANO DE PROVA - TRIATLETAS",inactive,2156,actions:link_click,0.25070965,"Usando o orçamento do conjunto de anúncios",0,540.53,79607,54969,Contínuo,"Clique de 7 dias ou visualização de 1 dia"
2024-07-01,2026-05-06,"TRIATLETAS SUL - SITE",inactive,2712,actions:link_click,0.22411873,"Usando o orçamento do conjunto de anúncios",0,607.81,88734,59215,Contínuo,"Clique de 7 dias ou visualização de 1 dia"
2024-07-01,2026-05-06,"PLANO DE PROVA - TRIATLETAS — Cópia",inactive,1126,actions:link_click,0.19071936,"Usando o orçamento do conjunto de anúncios",0,214.75,29847,23570,Contínuo,"Clique de 7 dias ou visualização de 1 dia"
2024-07-01,2026-05-06,"LEADS - PROGRAMA NUTRICIONAL NO ENDURANCE — Cópia",inactive,,,,"Usando o orçamento do conjunto de anúncios",0,19.45,1177,1121,Contínuo,"Clique de 7 dias ou visualização de 1 dia"
2024-07-01,2026-05-06,"LEADS - PROGRAMA NUTRICIONAL NO ENDURANCE — Cópia",inactive,,,,"Usando o orçamento do conjunto de anúncios",0,19.31,1140,1103,Contínuo,"Clique de 7 dias ou visualização de 1 dia"
2024-07-01,2026-05-06,"Publicação do Instagram: O cansaço pode estar...",archived,33,actions:link_click,1.06636364,12,Diário,35.19,1859,1592,2025-03-23,"Clique de 7 dias ou visualização de 1 dia"
2024-07-01,2026-05-06,"MENSAGENS WHATSAPP - TODOS PÚBLICOS",inactive,171,actions:link_click,0.29602339,"Usando o orçamento do conjunto de anúncios",0,50.62,7765,5735,2025-02-09,—
2024-07-01,2026-05-06,"MENS. WHATS. ( PLANO DE PROVA) TRIATLETA - SUDESTE",inactive,5,actions:link_click,6.086,"Usando o orçamento do conjunto de anúncios",0,30.43,786,532,2025-02-09,—
2024-07-01,2026-05-06,"Publicação do Instagram: ‼️Analisar seus...",inactive,996,actions:link_click,0.22029116,18,Diário,219.41,37421,26061,Contínuo,"Clique de 7 dias ou visualização de 1 dia"
2024-07-01,2026-05-06,"FÓRMULA - INTERESSES",archived,,,,"Usando o orçamento do conjunto de anúncios",0,27.38,1502,1226,2025-08-30,"Clique de 7 dias, visualização de 1 dia ou visualização com engajamento de 1 dia"
2024-07-01,2026-05-06,"FÓRMULA - INTERESSES — Cópia",archived,,,,"Usando o orçamento do conjunto de anúncios",0,4.94,202,186,2025-08-30,"Clique de 7 dias, visualização de 1 dia ou visualização com engajamento de 1 dia"
2024-07-01,2026-05-06,"FÓRMULA - VENDAS - FRIO - FEVEREIRO",archived,2,actions:purchase,106.105,"Usando o orçamento do conjunto de anúncios",0,212.21,14703,11674,2025-02-22,—
2024-07-01,2026-05-06,"FÓRMULA - VENDAS - FRIO - FEVEREIRO — Cópia",inactive,51,actions:offsite_conversion.fb_pixel_add_to_cart,2.76509804,"Usando o orçamento do conjunto de anúncios",0,141.02,7932,5489,Contínuo,"Clique de 7 dias, visualização de 1 dia ou visualização com engajamento de 1 dia"
2024-07-01,2026-05-06,"Publicação do Instagram: Há 7 anos atrás eu era...",archived,68,actions:link_click,0.36794118,11,Diário,25.02,3478,3249,2025-02-20,"Clique de 7 dias ou visualização de 1 dia"
2024-07-01,2026-05-06,"Publicação do Instagram: O que eu “ pego” de...",inactive,1671,actions:link_click,0.10322561,11,Diário,172.49,32975,25447,Contínuo,"Clique de 7 dias ou visualização de 1 dia"
2024-07-01,2026-05-06,"FÓRMULA -  ( morno e  quente) PODCAST ATUALIZADO",archived,,,,"Usando o orçamento do conjunto de anúncios",0,57.86,2263,1859,2025-02-22,—
2024-07-01,2026-05-06,"FÓRMULA - FEVEREIRO",archived,10,actions:purchase,50.564,"Usando o orçamento do conjunto de anúncios",0,505.64,44946,29745,2025-08-30,"Clique de 7 dias, visualização de 1 dia ou visualização com engajamento de 1 dia"
2024-07-01,2026-05-06,LEADS,inactive,2,actions:offsite_conversion.fb_pixel_lead,55.95,"Usando o orçamento do conjunto de anúncios",0,111.9,6150,5209,Contínuo,"Clique de 7 dias ou visualização de 1 dia"
2024-07-01,2026-05-06,"VENDAS - ELETRÓLITOS - FEVEREIRO",inactive,367,actions:offsite_conversion.fb_pixel_add_to_cart,0.90689373,"Usando o orçamento do conjunto de anúncios",0,332.83,35888,24488,Contínuo,"Clique de 7 dias, visualização de 1 dia ou visualização com engajamento de 1 dia"
2024-07-01,2026-05-06,"Publicação do Instagram: O meu papel aqui é...",archived,253,actions:link_click,0.27264822,17,Diário,68.98,5591,4774,2025-03-05,"Clique de 7 dias ou visualização de 1 dia"
2024-07-01,2026-05-06,"Publicação do Instagram: Quer aprender a...",inactive,512,actions:link_click,0.08630859,17,Diário,44.19,8164,7800,Contínuo,"Clique de 7 dias ou visualização de 1 dia"
2024-07-01,2026-05-06,"FÓRMULA - FEVEREIRO — Cópia",archived,4,actions:purchase,219.74,"Usando o orçamento do conjunto de anúncios",0,878.96,66480,36588,2025-08-30,"Clique de 7 dias, visualização de 1 dia ou visualização com engajamento de 1 dia"
2024-07-01,2026-05-06,"Publicação do Instagram: 📢 CARBOIDRATO...",completed,138,actions:link_click,0.30347826,42,Total,41.88,7774,6669,2025-03-05,"Clique de 7 dias ou visualização de 1 dia"
2024-07-01,2026-05-06,"Publicação do Instagram: Eu sei que você tem medo...",archived,34,actions:link_click,0.45147059,18,Diário,15.35,3604,3423,2025-03-05,"Clique de 7 dias ou visualização de 1 dia"
2024-07-01,2026-05-06,"Publicação do Instagram: A Palatinose é um...",archived,257,actions:link_click,0.11782101,24,Diário,30.28,8786,7769,2025-03-05,"Clique de 7 dias ou visualização de 1 dia"
2024-07-01,2026-05-06,"Publicação do Instagram: Eu sei que você quer dar...",archived,,,,30,Diário,24.92,1171,779,2025-03-05,"Clique de 7 dias ou visualização de 1 dia"
2024-07-01,2026-05-06,"MEGA AULA",completed,,,,"Usando o orçamento do conjunto de anúncios",0,366.5,13423,10499,2025-03-16,"Clique de 7 dias ou visualização de 1 dia"
2024-07-01,2026-05-06,"MEGA AULA — Cópia",completed,,,,"Usando o orçamento do conjunto de anúncios",0,366.96,15357,9208,2025-03-16,"Clique de 7 dias ou visualização de 1 dia"
2024-07-01,2026-05-06,"Publicação do Instagram: ‼️Não é porque você tem...",inactive,3,actions:onsite_conversion.messaging_conversation_started_7d,40.28333333,35,Diário,120.85,12352,8976,Contínuo,"Clique de 7 dias ou visualização de 1 dia"
2024-07-01,2026-05-06,"FÓRMULA - PODCAST",inactive,197,actions:offsite_conversion.fb_pixel_add_to_cart,2.24878173,"Usando o orçamento do conjunto de anúncios",0,443.01,35548,23891,Contínuo,"Clique de 7 dias, visualização de 1 dia ou visualização com engajamento de 1 dia"
2024-07-01,2026-05-06,"FÓRMULA - VÍDEO NARRADO",archived,,,,"Usando o orçamento do conjunto de anúncios",0,172.42,12460,9489,2025-03-19,"Clique de 7 dias, visualização de 1 dia ou visualização com engajamento de 1 dia"
2024-07-01,2026-05-06,"AGENDAR CONSULTA - MARÇO",inactive,3121,actions:link_click,0.21719962,"Usando o orçamento do conjunto de anúncios",0,677.88,149310,76398,Contínuo,"Clique de 7 dias ou visualização de 1 dia"
2024-07-01,2026-05-06,"AGENDA CONSULTA - MARÇO",archived,34,actions:link_click,3.14441176,"Usando o orçamento do conjunto de anúncios",0,106.91,6034,3351,2025-03-26,—
2024-07-01,2026-05-06,"Instagram post: A periodização nutricional é a...",completed,150,actions:link_click,0.38666667,58,Total,58,4279,3555,2025-03-25,"Clique de 7 dias ou visualização de 1 dia"
2024-07-01,2026-05-06,"Instagram post: O cansaço pode estar relacionado...",inactive,168,actions:link_click,1.39577381,12,Diário,234.49,10320,7409,Contínuo,"Clique de 7 dias ou visualização de 1 dia"
2024-07-01,2026-05-06,"Instagram post: 🔴A bicicleta vai te levar mais...",inactive,412,actions:link_click,0.57029126,12,Diário,234.96,14669,9208,Contínuo,"Clique de 7 dias ou visualização de 1 dia"
2024-07-01,2026-05-06,"FEED - AGENDA CONSULTA - MAIO",archived,4866,actions:link_click,0.20277024,"Usando o orçamento do conjunto de anúncios",0,986.68,124855,65359,2025-08-30,"Clique de 7 dias ou visualização de 1 dia"
2024-07-01,2026-05-06,"FEED - NUTRICIONISTA",archived,3885,actions:link_click,0.22047104,"Usando o orçamento do conjunto de anúncios",0,856.53,109207,57153,2025-08-30,"Clique de 7 dias ou visualização de 1 dia"
2024-07-01,2026-05-06,"FEED - VÍDEO",inactive,1525,profile_visit_view,0.39433443,"Usando o orçamento do conjunto de anúncios",0,601.36,129005,76305,Contínuo,"Clique de 7 dias ou visualização de 1 dia"
2024-07-01,2026-05-06,"FEED - VÍDEO JOSI",inactive,569,profile_visit_view,0.39855888,"Usando o orçamento do conjunto de anúncios",0,226.78,43390,33572,Contínuo,"Clique de 7 dias ou visualização de 1 dia"
2024-07-01,2026-05-06,"MAIO - FÓRMULA ELETRÓLITOS",inactive,307,actions:offsite_conversion.fb_pixel_add_to_cart,1.64824104,"Usando o orçamento do conjunto de anúncios",0,506.01,47980,28933,Contínuo,"Clique de 7 dias, visualização de 1 dia ou visualização com engajamento de 1 dia"
2024-07-01,2026-05-06,"FEED : AGENDAR CONSULTA - MARÇO — Cópia DO ALTO DESEMPENHO",archived,263,actions:link_click,0.41490494,"Usando o orçamento do conjunto de anúncios",0,109.12,18630,14927,2025-04-02,"Clique de 7 dias ou visualização de 1 dia"
2024-07-01,2026-05-06,"MAIS POTÊNCIA - ABRIL",inactive,25,actions:offsite_conversion.fb_pixel_purchase,7.6436,"Usando o orçamento do conjunto de anúncios",0,191.09,9838,6574,Contínuo,"Clique de 7 dias, visualização de 1 dia ou visualização com engajamento de 1 dia"
2024-07-01,2026-05-06,"Instagram post: Fez a inscrição ? Preocupado com...",inactive,138,actions:link_click,0.72818841,18,Diário,100.49,5364,4399,Contínuo,"Clique de 7 dias ou visualização de 1 dia"
2024-07-01,2026-05-06,"CONSULTAS - ABRIL",inactive,1390,profile_visit_view,0.41416547,"Usando o orçamento do conjunto de anúncios",0,575.69,44263,28740,Contínuo,"Clique de 7 dias ou visualização de 1 dia"
2024-07-01,2026-05-06,"ELETRÓLITOS - MAIO",inactive,320,actions:offsite_conversion.fb_pixel_add_to_cart,1.74465625,"Usando o orçamento do conjunto de anúncios",0,558.29,39041,20721,Contínuo,"Clique de 7 dias, visualização de 1 dia ou visualização com engajamento de 1 dia"
2024-07-01,2026-05-06,"ELETRÓLITOS - MAIO",inactive,,,,"Usando o orçamento do conjunto de anúncios",0,14.92,746,671,Contínuo,"Clique de 7 dias, visualização de 1 dia ou visualização com engajamento de 1 dia"
2024-07-01,2026-05-06,"DIRETO SITE - MAIO",inactive,,,,"Usando o orçamento do conjunto de anúncios",0,156.77,9397,7005,Contínuo,"Clique de 7 dias ou visualização de 1 dia"
2024-07-01,2026-05-06,"DIRETO NO PERFIL — Cópia do site.",inactive,1217,profile_visit_view,0.33593262,"Usando o orçamento do conjunto de anúncios",0,408.83,42024,29853,Contínuo,"Clique de 7 dias ou visualização de 1 dia"
2024-07-01,2026-05-06,"Instagram post: Sim, é possível emagrecer e...",inactive,317,actions:link_click,0.37006309,17,Diário,117.31,15950,11599,Contínuo,"Clique de 7 dias ou visualização de 1 dia"
2024-07-01,2026-05-06,"Instagram post: Atletas de Endurance precisam...",archived,4410,actions:link_click,0.0835102,15,Diário,368.28,61281,44956,2025-08-30,"Clique de 7 dias ou visualização de 1 dia"
2024-07-01,2026-05-06,"CÓPIA - ELETRÓLITOS - MAIO",inactive,36,actions:offsite_conversion.fb_pixel_add_to_cart,1.97222222,"Usando o orçamento do conjunto de anúncios",0,71,4354,3578,Contínuo,"Clique de 7 dias, visualização de 1 dia ou visualização com engajamento de 1 dia"
2024-07-01,2026-05-06,"ALINHAMENTO - PLANO ESPECÍFICO",inactive,,,,"Usando o orçamento do conjunto de anúncios",0,80.87,4283,3365,Contínuo,"Clique de 7 dias ou visualização de 1 dia"
2024-07-01,2026-05-06,"[CARINAMASSA][ENGAJAMENTO][CONSULTA] - 21052025",inactive,18,conversions:contact_website,20.01722222,50,Diário,360.31,15548,8938,Contínuo,"Clique de 7 dias, visualização de 1 dia ou visualização com engajamento de 1 dia"
2024-07-01,2026-05-06,"Instagram post: Alowwwww TRIATLETAS e ASPIRANTES....",archived,403,actions:link_click,0.291067,34,Diário,117.3,10426,8454,2025-06-02,"Clique de 7 dias ou visualização de 1 dia"
2024-07-01,2026-05-06,"Instagram post: Alowwwww TRIATLETAS e ASPIRANTES....",archived,915,actions:link_click,0.19534426,52,Diário,178.74,20402,15836,2025-06-02,"Clique de 7 dias ou visualização de 1 dia"
2024-07-01,2026-05-06,"Instagram post: O poste está mijando no cachorro....",inactive,331,actions:link_click,0.38138973,34,Diário,126.24,11696,8659,Contínuo,"Clique de 7 dias ou visualização de 1 dia"
2024-07-01,2026-05-06,"Instagram post: ‼️A hora chegou, foram meses de...",archived,473,actions:link_click,0.29422833,46,Diário,139.17,39434,31588,2025-06-02,"Clique de 7 dias ou visualização de 1 dia"
2024-07-01,2026-05-06,"Instagram post: Para  manter - se aquecido, o...",completed,75,actions:link_click,0.6116,46,Total,45.87,3123,2960,2025-06-02,"Clique de 7 dias ou visualização de 1 dia"
2024-07-01,2026-05-06,"Instagram post: Para  manter - se aquecido, o...",inactive,52,actions:link_click,0.13980769,17,Diário,7.27,1087,1074,Contínuo,"Clique de 7 dias ou visualização de 1 dia"
2024-07-01,2026-05-06,"PERIODIZAÇÃO 2º SEMESTRE",inactive,2300,actions:omni_landing_page_view,0.51873913,"Usando o orçamento do conjunto de anúncios",0,1193.1,71578,53153,Contínuo,"Clique de 7 dias ou visualização de 1 dia"
2024-07-01,2026-05-06,"MENSAGENS WHATSAPP",inactive,9,actions:onsite_conversion.messaging_conversation_started_7d,16.82777778,"Usando o orçamento do conjunto de anúncios",0,151.45,1534,858,Contínuo,"Clique de 7 dias ou visualização de 1 dia"
2024-07-01,2026-05-06,"DIRETO NO PERFIL",inactive,615,profile_visit_view,0.77590244,"Usando o orçamento do conjunto de anúncios",0,477.18,51217,29915,Contínuo,"Clique de 7 dias ou visualização de 1 dia"
2024-07-01,2026-05-06,MARATONA,inactive,959,profile_visit_view,0.60542231,"Usando o orçamento do conjunto de anúncios",0,580.6,40713,28002,Contínuo,"Clique de 7 dias ou visualização de 1 dia"
2024-07-01,2026-05-06,"Instagram post: A periodização nutricional é a...",completed,477,actions:link_click,0.48186583,230,Total,229.85,22338,14382,2025-06-18,"Clique de 7 dias ou visualização de 1 dia"
2024-07-01,2026-05-06,"Instagram post: A periodização nutricional é a...",archived,,,,161,Total,79.53,14189,8236,2025-06-12,"Clique de 7 dias ou visualização de 1 dia"
2024-07-01,2026-05-06,"Instagram post: 🏃‍♀️MEIA MARATONA ou...",inactive,,,,42,Diário,0.04,3,2,Contínuo,"Clique de 7 dias ou visualização de 1 dia"
2024-07-01,2026-05-06,"PLANO PERFEITO",inactive,400,actions:link_click,0.223825,"Usando o orçamento do conjunto de anúncios",0,89.53,13720,12813,Contínuo,"Clique de 7 dias ou visualização de 1 dia"
2024-07-01,2026-05-06,"PERIODIZAÇÃO 2º SEMESTRE - cópia",inactive,5,actions:onsite_conversion.messaging_conversation_started_7d,43.462,"Usando o orçamento do conjunto de anúncios",0,217.31,2199,1320,Contínuo,"Clique de 7 dias ou visualização de 1 dia"
2024-07-01,2026-05-06,"PERIODIZAÇÃO 2º SEMESTRE — Cópia",archived,1851,actions:link_click,0.17425716,"Usando o orçamento do conjunto de anúncios",0,322.55,45727,31392,2025-08-30,"Clique de 7 dias ou visualização de 1 dia"
2024-07-01,2026-05-06,"Instagram post: 😱Mentira que você vai fazer sua...",archived,,,,19,Diário,26.46,1514,881,2025-06-22,"Clique de 7 dias ou visualização de 1 dia"
2024-07-01,2026-05-06,"Instagram post: 🧬⬆️OTIMIZE A SUA SAÚDE PARA OBTER...",archived,138,actions:link_click,0.23072464,22,Diário,31.84,3384,3023,2025-06-22,"Clique de 7 dias ou visualização de 1 dia"
2024-07-01,2026-05-06,"Instagram post: A periodização nutricional é a...",inactive,210,actions:link_click,0.55980952,230,Total,117.56,11033,8722,2025-07-01,"Clique de 7 dias ou visualização de 1 dia"
2024-07-01,2026-05-06,"Instagram post: 🧬⬆️OTIMIZE A SUA SAÚDE PARA OBTER...",completed,154,actions:link_click,0.5387013,83,Total,82.96,7494,6359,2025-06-22,"Clique de 7 dias ou visualização de 1 dia"
2024-07-01,2026-05-06,"Instagram post: 🧬⬆️OTIMIZE A SUA SAÚDE PARA OBTER...",completed,85,actions:link_click,0.79847059,68,Total,67.87,5100,4025,2025-06-29,"Clique de 7 dias ou visualização de 1 dia"
2024-07-01,2026-05-06,"PERIODIZAÇÃO 2º SEMESTRE — Cópia",inactive,551,profile_visit_view,0.39911071,"Usando o orçamento do conjunto de anúncios",0,219.91,15347,11079,Contínuo,"Clique de 7 dias ou visualização de 1 dia"
2024-07-01,2026-05-06,"Publicação do Instagram: De uma forma...",inactive,108,actions:link_click,0.63796296,110,Total,68.9,8137,6210,2025-07-09,"Clique de 7 dias ou visualização de 1 dia"
2024-07-01,2026-05-06,"Publicação do Instagram: ✅Se você já pensou isso,...",inactive,444,actions:link_click,0.30704955,44,Diário,136.33,15036,12350,Contínuo,"Clique de 7 dias ou visualização de 1 dia"
2024-07-01,2026-05-06,"Publicação do Instagram: O cansaço pode estar...",completed,41,actions:link_click,1.19439024,49,Total,48.97,2256,2033,2025-07-05,"Clique de 7 dias ou visualização de 1 dia"
2024-07-01,2026-05-06,"Publicação do Instagram: 🧬⬆️OTIMIZE A SUA SAÚDE...",completed,91,actions:link_click,0.74571429,68,Total,67.86,5126,4003,2025-07-06,"Clique de 7 dias ou visualização de 1 dia"
2024-07-01,2026-05-06,"Publicação do Instagram: De uma forma...",archived,57,actions:link_click,0.59508772,49,Diário,33.92,4688,4408,2025-07-06,"Clique de 7 dias ou visualização de 1 dia"
2024-07-01,2026-05-06,"Publicação do Instagram: A real é que suplemento...",inactive,329,actions:link_click,0.22358663,220,Total,73.56,13200,12217,2025-07-13,"Clique de 7 dias ou visualização de 1 dia"
2024-07-01,2026-05-06,"AUL GEL DE CARBOIDRATO",inactive,9,actions:onsite_conversion.messaging_conversation_started_7d,7.71111111,"Usando o orçamento do conjunto de anúncios",0,69.4,2835,2549,Contínuo,"Clique de 7 dias ou visualização de 1 dia"
2024-07-01,2026-05-06,"VÍDEO 2º SEMESTRE - ROTINA ATLETA",inactive,,,,30,Diário,86.07,3024,2019,Contínuo,"Clique de 7 dias ou visualização de 1 dia"
2024-07-01,2026-05-06,"Publicação do Instagram: 🚨 ATLETA, CUIDADO!
Você...",inactive,832,actions:link_click,0.16414663,17,Diário,136.57,19506,15356,Contínuo,"Clique de 7 dias ou visualização de 1 dia"
2024-07-01,2026-05-06,"Publicação do Instagram: O que os ciclistas do...",inactive,229,actions:link_click,0.38930131,11,Diário,89.15,11183,6159,Contínuo,"Clique de 7 dias ou visualização de 1 dia"
2024-07-01,2026-05-06,"Publicação do Instagram: 🚨 ATLETA, CUIDADO!
Você...",inactive,598,actions:link_click,0.39802676,39,Diário,238.02,24252,17689,Contínuo,"Clique de 7 dias ou visualização de 1 dia"
2024-07-01,2026-05-06,"Publicação do Instagram: Digite “ AULA “ ⬇️⬇️⬇️...",inactive,135,actions:link_click,0.62822222,85,Total,84.81,5806,5441,2025-07-23,"Clique de 7 dias ou visualização de 1 dia"
2024-07-01,2026-05-06,"Publicação do Instagram: A aula “ Desvendando os...",inactive,138,actions:link_click,0.40384058,56,Total,55.73,4658,4090,2025-07-23,"Clique de 7 dias ou visualização de 1 dia"
2024-07-01,2026-05-06,"Publicação do Instagram: 🚨 ATLETA, CUIDADO!
Você...",completed,286,actions:link_click,0.19304196,56,Total,55.21,7862,7277,2025-07-23,"Clique de 7 dias ou visualização de 1 dia"
2024-07-01,2026-05-06,"Publicação do Instagram: Digite “ AULA “ ⬇️⬇️⬇️...",inactive,40,actions:link_click,1.2705,51,Total,50.82,3426,3081,2025-07-24,"Clique de 7 dias ou visualização de 1 dia"
2024-07-01,2026-05-06,"Publicação do Instagram: 🚨 Será que o gel que...",inactive,136,actions:link_click,0.33080882,45,Total,44.99,7245,6398,2025-07-24,"Clique de 7 dias ou visualização de 1 dia"
2024-07-01,2026-05-06,"Publicação do Instagram: 🎯 TRIATLETAS ,...",completed,44,actions:link_click,1.35931818,68,Total,59.81,3131,3090,2025-08-02,"Clique de 7 dias ou visualização de 1 dia"
2024-07-01,2026-05-06,"Publicação do Instagram: 🎯 TRIATLETAS ,...",completed,73,actions:link_click,0.90794521,68,Total,66.28,3877,3601,2025-08-02,"Clique de 7 dias ou visualização de 1 dia"
2024-07-01,2026-05-06,"AGENDAMENTO CONSULTA JULHO 2025 - IRONMANFULL E 70.3",inactive,15179,profile_visit_view,0.36418671,"Usando o orçamento do conjunto de anúncios",0,5527.99,540813,251284,Contínuo,"Clique de 1 dia"
2024-07-01,2026-05-06,"ELETRÓLITOS - AGOSTO",inactive,423,actions:offsite_conversion.fb_pixel_add_to_cart,1.44706856,"Usando o orçamento do conjunto de anúncios",0,612.11,43455,20242,Contínuo,"Clique de 7 dias, visualização de 1 dia ou visualização com engajamento de 1 dia"
2024-07-01,2026-05-06,"Post do Instagram: 🔈Chamada 70.3 São Paulo,...",completed,20,actions:onsite_conversion.messaging_conversation_started_7d,5.4935,110,Total,109.87,3813,2060,2025-08-14,"Clique de 7 dias ou visualização de 1 dia"
2024-07-01,2026-05-06,"70.3 OU FULL",inactive,61,actions:onsite_conversion.messaging_conversation_started_7d,5.64704918,"Usando o orçamento do conjunto de anúncios",0,344.47,15240,8310,Contínuo,"Clique de 7 dias ou visualização de 1 dia"
2024-07-01,2026-05-06,"Post do Instagram: 🧬⬆️OTIMIZE A SUA SAÚDE PARA...",completed,103,actions:link_click,0.65883495,68,Total,67.86,5053,4046,2025-08-11,"Clique de 7 dias ou visualização de 1 dia"
2024-07-01,2026-05-06,"AGENDAMENTO CONSULTA - AGOSTO",archived,450,actions:link_click,0.25942222,"Usando o orçamento do conjunto de anúncios",0,116.74,12127,9937,2025-08-30,"Clique de 7 dias ou visualização de 1 dia"
2024-07-01,2026-05-06,"Post do Instagram: 🎯 TRIATLETAS , CORREDORES,...",completed,108,actions:link_click,0.77731481,84,Total,83.95,5628,4694,2025-08-26,"Clique de 7 dias ou visualização de 1 dia"
2024-07-01,2026-05-06,"Post do Instagram: 🚴‍♂️🏊‍♀️🏃‍♂️ Treina, descansa,...",inactive,183,actions:link_click,0.24021858,44,Total,43.96,4874,4235,2025-08-24,"Clique de 7 dias ou visualização de 1 dia"
2024-07-01,2026-05-06,"Post do Instagram: 🏊‍♀️🚴‍♀️🏃Triatletas,...",inactive,177,actions:link_click,0.31163842,16,Diário,55.16,5241,4684,Contínuo,"Clique de 7 dias ou visualização de 1 dia"
2024-07-01,2026-05-06,"MEIA MARATONA E MARATONA",archived,244,actions:link_click,0.26737705,"Usando o orçamento do conjunto de anúncios",0,65.24,5100,4105,2025-08-30,"Clique de 7 dias ou visualização de 1 dia"
2024-07-01,2026-05-06,"DIRETO WHATSAPP - MEIA MARATONA E MARATONA",inactive,14,actions:onsite_conversion.messaging_conversation_started_7d,4.72142857,20,Diário,66.1,2850,1693,Contínuo,"Clique de 7 dias ou visualização de 1 dia"
2024-07-01,2026-05-06,"PERIODIÇÃO NUTRICIONAL -  30 DE AGOSTO",inactive,40,actions:link_click,1.0625,"Usando o orçamento do conjunto de anúncios",0,42.5,3530,3345,2025-09-01,—
2024-07-01,2026-05-06,"PERIODIÇÃO NUTRICIONAL -  30 DE AGOSTO — Cópia",inactive,42,actions:link_click,0.98261905,"Usando o orçamento do conjunto de anúncios",0,41.27,3413,3182,2025-09-01,—
2024-07-01,2026-05-06,"Post do Instagram: DIGITE POTÊNCIA ⬇️Para falar...",inactive,132,actions:link_click,0.65212121,220,Total,86.08,6386,4891,2025-09-10,"Clique de 7 dias ou visualização de 1 dia"
2024-07-01,2026-05-06,"Post do Instagram: A periodização nutricional é a...",inactive,108,actions:link_click,0.49935185,230,Total,53.93,5330,4399,2025-09-12,"Clique de 7 dias ou visualização de 1 dia"
2024-07-01,2026-05-06,"Post do Instagram: DIGITE POTÊNCIA ⬇️Para falar...",inactive,2,actions:onsite_conversion.messaging_conversation_started_7d,17.32,96,Total,34.64,1367,713,2025-09-08,"Clique de 7 dias ou visualização de 1 dia"
2024-07-01,2026-05-06,"ELETRÓLITOS - AGOSTO — Cópia",inactive,136,actions:offsite_conversion.fb_pixel_add_to_cart,1.19007353,30,Diário,161.85,10901,6822,Contínuo,"Clique de 7 dias, visualização de 1 dia ou visualização com engajamento de 1 dia"
2024-07-01,2026-05-06,"AGENDAMENTO SETEMBRO",inactive,411,profile_visit_view,0.42673966,"Usando o orçamento do conjunto de anúncios",0,175.39,20396,17527,Contínuo,"Clique de 1 dia"
2024-07-01,2026-05-06,"Post do Instagram: Trago a ciência , não minha...",completed,67,actions:link_click,0.65567164,44,Total,43.93,4929,3580,2025-09-15,"Clique de 7 dias ou visualização de 1 dia"
2024-07-01,2026-05-06,"CÓPIA - 70.3 X IRONMAN FULL",inactive,3212,profile_visit_view,0.38862702,"Usando o orçamento do conjunto de anúncios",0,1248.27,116477,69290,Contínuo,"Clique de 1 dia"
2024-07-01,2026-05-06,"Post do Instagram: 🔴Durante treinos longos, seu...",inactive,75,actions:link_click,0.61906667,11,Diário,46.43,3860,2693,Contínuo,"Clique de 7 dias ou visualização de 1 dia"
2024-07-01,2026-05-06,"Post do Instagram: Todo atleta que sonha com um...",inactive,77,actions:link_click,0.70896104,13,Diário,54.59,3184,2570,Contínuo,"Clique de 7 dias ou visualização de 1 dia"
2024-07-01,2026-05-06,"Post do Instagram: A periodização nutricional é a...",inactive,122,actions:link_click,0.82336066,230,Total,100.45,7576,5740,2025-11-23,"Clique de 7 dias ou visualização de 1 dia"
2024-07-01,2026-05-06,"Post do Instagram: ( não tem tem lanche né?)...",completed,194,actions:link_click,0.29365979,57,Total,56.97,6122,4869,2025-11-16,"Clique de 7 dias ou visualização de 1 dia"
2024-07-01,2026-05-06,"Post do Instagram: 🎯 TRIATLETAS , CORREDORES,...",completed,93,actions:link_click,0.90225806,84,Total,83.91,4042,3376,2025-11-16,"Clique de 7 dias ou visualização de 1 dia"
2024-07-01,2026-05-06,"DEZEMBRO 2025",inactive,2926,profile_visit_view,0.41144908,"Usando o orçamento do conjunto de anúncios",0,1203.9,90443,60022,Contínuo,"Clique de 1 dia"
2024-07-01,2026-05-06,"DEZEMBRO  - 70.3 E FULL",inactive,2566,profile_visit_view,0.36261107,"Usando o orçamento do conjunto de anúncios",0,930.46,65653,45303,Contínuo,"Clique de 1 dia"
2024-07-01,2026-05-06,"Post do Instagram: ✨70.3 Aracaju , a palavra é...",inactive,366,actions:link_click,0.1757377,65,Total,64.32,6087,5377,2025-11-30,"Clique de 7 dias ou visualização de 1 dia"
2024-07-01,2026-05-06,"Post do Instagram: ( não tem tem lanche né?)...",inactive,45,actions:link_click,0.11866667,112,Total,5.34,892,869,2026-01-02,"Clique de 7 dias ou visualização de 1 dia"
2024-07-01,2026-05-06,"WHATSAPP - JANEIRO 2026.",inactive,308,actions:onsite_conversion.messaging_conversation_started_7d,7.37720779,28,Diário,2272.18,106312,36940,Contínuo,"Clique de 7 dias ou visualização de 1 dia"
2024-07-01,2026-05-06,KZ_LEADS-WPP_Profissoes,inactive,512,actions:onsite_conversion.messaging_conversation_started_7d,7.74181641,10,Diário,3963.81,213497,45793,Contínuo,"Clique de 7 dias ou visualização de 1 dia"
2024-07-01,2026-05-06,"REMARKETING JANEIRO 2026",archived,,,,"Usando o orçamento do conjunto de anúncios",0,1104.15,74242,25621,2026-01-30,"Clique de 7 dias, visualização de 1 dia ou visualização com engajamento de 1 dia"
2024-07-01,2026-05-06,"JANEIRO 2026",inactive,9544,profile_visit_view,0.39287825,"Usando o orçamento do conjunto de anúncios",0,3749.63,385167,166946,Contínuo,"Clique de 1 dia"
2024-07-01,2026-05-06,KZ_BRANDING_F_VisitasAoPerfil,active,10246,profile_visit_view,0.21752684,"Usando o orçamento do conjunto de anúncios",0,2228.78,288667,169385,Contínuo,"Clique de 1 dia"
2024-07-01,2026-05-06,"PÚBLICO FRIO - DIRETO PERFIL — Cópia",inactive,52,actions:onsite_conversion.messaging_conversation_started_7d,21.02980769,"Usando o orçamento do conjunto de anúncios",0,1093.55,22487,9785,Contínuo,"Clique de 7 dias ou visualização de 1 dia"
2024-07-01,2026-05-06,"ELETRÓLITOS FEVEREIRO 2026",inactive,257,actions:offsite_conversion.fb_pixel_add_to_cart,1.11996109,30,Diário,287.83,28974,16406,Contínuo,"Clique de 7 dias, visualização de 1 dia ou visualização com engajamento de 1 dia"
2024-07-01,2026-05-06,"PÚBLICO FRIO - MARÇO - PDFS",inactive,20,actions:onsite_conversion.messaging_conversation_started_7d,13.897,50,Diário,277.94,22532,19376,Contínuo,"Clique de 7 dias ou visualização de 1 dia"
2024-07-01,2026-05-06,"TRIATLETA CANSADO - SEGUIDORES",inactive,2448,profile_visit_view,0.13888889,"Usando o orçamento do conjunto de anúncios",0,340,53513,32196,Contínuo,"Clique de 1 dia"
2024-07-01,2026-05-06,KZ_LEADS-FORM-F_Triatleta,active,191,actions:leadgen.other,8.85921466,"Usando o orçamento do conjunto de anúncios",0,1692.11,88752,31517,Contínuo,"Clique de 7 dias ou visualização de 1 dia"
2024-07-01,2026-05-06,KZ_LEADS-FORM-F_Triatleta-02,active,16,actions:leadgen.other,14.628125,"Usando o orçamento do conjunto de anúncios",0,234.05,9295,6320,Contínuo,"Clique de 7 dias ou visualização de 1 dia"
2024-07-01,2026-05-06,KZ_VV-Q-06-05-2026,active,31,video_thruplay_watched_actions,0.00387097,10,Diário,0.12,331,331,Contínuo,"Clique de 7 dias ou visualização de 1 dia"
